eps_hours,min_samples_day_ratio,n_clusters,noise_ratio,time_spread_min,ari,nmi,purity,n_habits
0.25,0.1,15,0.3872255489021956,9.163739065632585,0.9682206008876539,0.9835179661357611,1.0,12
0.25,0.2,14,0.40119760479041916,9.185261901701763,0.982187006642638,0.9909948784769606,1.0,12
0.25,0.3,12,0.437125748502994,8.909950633257438,1.0,1.0,1.0,12
0.5,0.1,15,0.3532934131736527,9.913127640824806,0.9592277711965677,0.9810051612901165,1.0,12
0.5,0.2,15,0.3532934131736527,9.913127640824806,0.9592277711965677,0.9810051612901165,1.0,12
0.5,0.3,13,0.38323353293413176,9.81998454520629,1.0,0.9999999999999998,1.0,12
0.75,0.1,17,0.3193612774451098,10.526024445089366,0.9574970674392744,0.9782304637923495,1.0,12
0.75,0.2,16,0.3313373253493014,10.232961684911915,0.9608700342517793,0.9819164400170182,1.0,12
0.75,0.3,13,0.37325349301397204,9.777728477886969,1.0,1.0,1.0,12
1.0,0.1,17,0.29141716566866266,16.31932653776223,0.9818855663629794,0.9855118885470285,0.9971830985915493,12
1.0,0.2,15,0.3153692614770459,15.771895128300908,0.9965660690527314,0.9961536944366363,0.9970845481049563,12
1.0,0.3,13,0.3473053892215569,14.107178387503877,0.9972321118918188,0.9975571457864535,0.9969418960244648,12
